{"assets/animations/done_animation.gif":["assets/animations/done_animation.gif"],"assets/animations/loading_bar.gif":["assets/animations/loading_bar.gif"],"assets/animations/loading_circle.flr":["assets/animations/loading_circle.flr"],"assets/fonts/Effra Bold.ttf":["assets/fonts/Effra Bold.ttf"],"assets/fonts/Effra_Trial_Rg.ttf":["assets/fonts/Effra_Trial_Rg.ttf"],"assets/pngs/.DS_Store":["assets/pngs/.DS_Store"],"assets/pngs/AV_logo.png":["assets/pngs/AV_logo.png"],"assets/pngs/MPPRResponse.json":["assets/pngs/MPPRResponse.json"],"assets/pngs/MPPR_M_R_Whitmore.json":["assets/pngs/MPPR_M_R_Whitmore.json"],"assets/pngs/Powered_by.png":["assets/pngs/Powered_by.png"],"assets/pngs/account.png":["assets/pngs/account.png"],"assets/pngs/av_edge_dark.png":["assets/pngs/av_edge_dark.png"],"assets/pngs/av_edge_light.png":["assets/pngs/av_edge_light.png"],"assets/pngs/av_pro.png":["assets/pngs/av_pro.png"],"assets/pngs/av_pro_dark.png":["assets/pngs/av_pro_dark.png"],"assets/pngs/av_pro_light.png":["assets/pngs/av_pro_light.png"],"assets/pngs/av_splash_screen_logo_and_tagline.png":["assets/pngs/av_splash_screen_logo_and_tagline.png"],"assets/pngs/cash_balance.png":["assets/pngs/cash_balance.png"],"assets/pngs/chat.png":["assets/pngs/chat.png"],"assets/pngs/chat_message.png":["assets/pngs/chat_message.png"],"assets/pngs/client_system.png":["assets/pngs/client_system.png"],"assets/pngs/coming_soon.png":["assets/pngs/coming_soon.png"],"assets/pngs/coming_soon1.jpg":["assets/pngs/coming_soon1.jpg"],"assets/pngs/coming_soon1.png":["assets/pngs/coming_soon1.png"],"assets/pngs/coming_soon2.png":["assets/pngs/coming_soon2.png"],"assets/pngs/coming_soon_sidebar_icon.png":["assets/pngs/coming_soon_sidebar_icon.png"],"assets/pngs/correct.png":["assets/pngs/correct.png"],"assets/pngs/date_picker.png":["assets/pngs/date_picker.png"],"assets/pngs/document.png":["assets/pngs/document.png"],"assets/pngs/face_id.png":["assets/pngs/face_id.png"],"assets/pngs/fingerprint.png":["assets/pngs/fingerprint.png"],"assets/pngs/grid_view.png":["assets/pngs/grid_view.png"],"assets/pngs/hide_password.png":["assets/pngs/hide_password.png"],"assets/pngs/indian_flag.png":["assets/pngs/indian_flag.png"],"assets/pngs/info_Icon.png":["assets/pngs/info_Icon.png"],"assets/pngs/investment_policy_statement.png":["assets/pngs/investment_policy_statement.png"],"assets/pngs/list_view.png":["assets/pngs/list_view.png"],"assets/pngs/logo_black.png":["assets/pngs/logo_black.png"],"assets/pngs/logo_white.png":["assets/pngs/logo_white.png"],"assets/pngs/net_worth.png":["assets/pngs/net_worth.png"],"assets/pngs/no_internet.png":["assets/pngs/no_internet.png"],"assets/pngs/notification.png":["assets/pngs/notification.png"],"assets/pngs/performance.png":["assets/pngs/performance.png"],"assets/pngs/powered_by_asset_vantage.png":["assets/pngs/powered_by_asset_vantage.png"],"assets/pngs/profile.png":["assets/pngs/profile.png"],"assets/pngs/show_password.png":["assets/pngs/show_password.png"],"assets/pngs/sort_by_number_down.png":["assets/pngs/sort_by_number_down.png"],"assets/pngs/sort_by_number_up.png":["assets/pngs/sort_by_number_up.png"],"assets/pngs/user_guide_1.png":["assets/pngs/user_guide_1.png"],"assets/pngs/user_guide_2.png":["assets/pngs/user_guide_2.png"],"assets/pngs/user_guide_3.png":["assets/pngs/user_guide_3.png"],"assets/pngs/user_guide_last.png":["assets/pngs/user_guide_last.png"],"assets/pngs/user_profile.png":["assets/pngs/user_profile.png"],"assets/pngs/username.png":["assets/pngs/username.png"],"assets/pngs/widget_search.png":["assets/pngs/widget_search.png"],"assets/svgs/AV_LOGO_new.svg":["assets/svgs/AV_LOGO_new.svg"],"assets/svgs/Powered_by_AV.svg":["assets/svgs/Powered_by_AV.svg"],"assets/svgs/Sort.svg":["assets/svgs/Sort.svg"],"assets/svgs/add.svg":["assets/svgs/add.svg"],"assets/svgs/advisor.svg":["assets/svgs/advisor.svg"],"assets/svgs/arrow_back.svg":["assets/svgs/arrow_back.svg"],"assets/svgs/asset_class.svg":["assets/svgs/asset_class.svg"],"assets/svgs/av_edge_dark.svg":["assets/svgs/av_edge_dark.svg"],"assets/svgs/av_edge_light.svg":["assets/svgs/av_edge_light.svg"],"assets/svgs/av_logo_with_name.png":["assets/svgs/av_logo_with_name.png"],"assets/svgs/av_logo_with_name.svg":["assets/svgs/av_logo_with_name.svg"],"assets/svgs/av_middle.svg":["assets/svgs/av_middle.svg"],"assets/svgs/av_pro.svg":["assets/svgs/av_pro.svg"],"assets/svgs/back_arrow.svg":["assets/svgs/back_arrow.svg"],"assets/svgs/bg_graphics.svg":["assets/svgs/bg_graphics.svg"],"assets/svgs/blue_dot.svg":["assets/svgs/blue_dot.svg"],"assets/svgs/bookmark.svg":["assets/svgs/bookmark.svg"],"assets/svgs/browse_right.svg":["assets/svgs/browse_right.svg"],"assets/svgs/cash_balance.svg":["assets/svgs/cash_balance.svg"],"assets/svgs/cashbalance_icon.svg":["assets/svgs/cashbalance_icon.svg"],"assets/svgs/chat_av_icon.svg":["assets/svgs/chat_av_icon.svg"],"assets/svgs/close.svg":["assets/svgs/close.svg"],"assets/svgs/copy_icon.svg":["assets/svgs/copy_icon.svg"],"assets/svgs/cross.svg":["assets/svgs/cross.svg"],"assets/svgs/currency.svg":["assets/svgs/currency.svg"],"assets/svgs/date_picker.svg":["assets/svgs/date_picker.svg"],"assets/svgs/date_picker_icon.svg":["assets/svgs/date_picker_icon.svg"],"assets/svgs/delete_icon.svg":["assets/svgs/delete_icon.svg"],"assets/svgs/document.svg":["assets/svgs/document.svg"],"assets/svgs/document_Icon.svg":["assets/svgs/document_Icon.svg"],"assets/svgs/document_docs.svg":["assets/svgs/document_docs.svg"],"assets/svgs/document_gif.svg":["assets/svgs/document_gif.svg"],"assets/svgs/document_menu_grid.svg":["assets/svgs/document_menu_grid.svg"],"assets/svgs/document_menu_list.svg":["assets/svgs/document_menu_list.svg"],"assets/svgs/document_pdf.svg":["assets/svgs/document_pdf.svg"],"assets/svgs/document_png.svg":["assets/svgs/document_png.svg"],"assets/svgs/document_ppt.svg":["assets/svgs/document_ppt.svg"],"assets/svgs/document_raw.svg":["assets/svgs/document_raw.svg"],"assets/svgs/document_sort.svg":["assets/svgs/document_sort.svg"],"assets/svgs/document_text.svg":["assets/svgs/document_text.svg"],"assets/svgs/document_vault.svg":["assets/svgs/document_vault.svg"],"assets/svgs/document_vult.svg":["assets/svgs/document_vult.svg"],"assets/svgs/document_xls.svg":["assets/svgs/document_xls.svg"],"assets/svgs/down_arrow.svg":["assets/svgs/down_arrow.svg"],"assets/svgs/download_icon.svg":["assets/svgs/download_icon.svg"],"assets/svgs/edit_favourite_name.svg":["assets/svgs/edit_favourite_name.svg"],"assets/svgs/error_icon.svg":["assets/svgs/error_icon.svg"],"assets/svgs/excel_icon.svg":["assets/svgs/excel_icon.svg"],"assets/svgs/expense_icon.svg":["assets/svgs/expense_icon.svg"],"assets/svgs/eye.svg":["assets/svgs/eye.svg"],"assets/svgs/eye_close_icon.svg":["assets/svgs/eye_close_icon.svg"],"assets/svgs/eye_off.svg":["assets/svgs/eye_off.svg"],"assets/svgs/eye_on.svg":["assets/svgs/eye_on.svg"],"assets/svgs/favorite_left.svg":["assets/svgs/favorite_left.svg"],"assets/svgs/file-06.svg":["assets/svgs/file-06.svg"],"assets/svgs/file_icon.svg":["assets/svgs/file_icon.svg"],"assets/svgs/filter_back_arrow.svg":["assets/svgs/filter_back_arrow.svg"],"assets/svgs/grid_view.svg":["assets/svgs/grid_view.svg"],"assets/svgs/history.svg":["assets/svgs/history.svg"],"assets/svgs/home_icon.svg":["assets/svgs/home_icon.svg"],"assets/svgs/image_icon.svg":["assets/svgs/image_icon.svg"],"assets/svgs/income_expense.svg":["assets/svgs/income_expense.svg"],"assets/svgs/income_icon.svg":["assets/svgs/income_icon.svg"],"assets/svgs/info_icon.svg":["assets/svgs/info_icon.svg"],"assets/svgs/insights.svg":["assets/svgs/insights.svg"],"assets/svgs/ips.svg":["assets/svgs/ips.svg"],"assets/svgs/liquidity.svg":["assets/svgs/liquidity.svg"],"assets/svgs/list_view.svg":["assets/svgs/list_view.svg"],"assets/svgs/menu.svg":["assets/svgs/menu.svg"],"assets/svgs/menu_icon.svg":["assets/svgs/menu_icon.svg"],"assets/svgs/more_vertical.svg":["assets/svgs/more_vertical.svg"],"assets/svgs/net_worth.svg":["assets/svgs/net_worth.svg"],"assets/svgs/networth_filter.svg":["assets/svgs/networth_filter.svg"],"assets/svgs/networth_icon.svg":["assets/svgs/networth_icon.svg"],"assets/svgs/notification.svg":["assets/svgs/notification.svg"],"assets/svgs/notification_read.svg":["assets/svgs/notification_read.svg"],"assets/svgs/notification_unread.svg":["assets/svgs/notification_unread.svg"],"assets/svgs/pbav.svg":["assets/svgs/pbav.svg"],"assets/svgs/pdf_icon.svg":["assets/svgs/pdf_icon.svg"],"assets/svgs/performance.svg":["assets/svgs/performance.svg"],"assets/svgs/performance_icon.svg":["assets/svgs/performance_icon.svg"],"assets/svgs/persnalize_chart.png":["assets/svgs/persnalize_chart.png"],"assets/svgs/personalise_bar.svg":["assets/svgs/personalise_bar.svg"],"assets/svgs/personalise_bar_arrow.svg":["assets/svgs/personalise_bar_arrow.svg"],"assets/svgs/powered_by_asset_vantage.svg":["assets/svgs/powered_by_asset_vantage.svg"],"assets/svgs/profile.png":["assets/svgs/profile.png"],"assets/svgs/profile.svg":["assets/svgs/profile.svg"],"assets/svgs/route.svg":["assets/svgs/route.svg"],"assets/svgs/search.svg":["assets/svgs/search.svg"],"assets/svgs/search_icon.svg":["assets/svgs/search_icon.svg"],"assets/svgs/send_icon.svg":["assets/svgs/send_icon.svg"],"assets/svgs/share_icon.svg":["assets/svgs/share_icon.svg"],"assets/svgs/sort_icon.svg":["assets/svgs/sort_icon.svg"],"assets/svgs/sort_icon_for document.svg":["assets/svgs/sort_icon_for document.svg"],"assets/svgs/sorting_filter.svg":["assets/svgs/sorting_filter.svg"],"assets/svgs/stealth_icon_off.svg":["assets/svgs/stealth_icon_off.svg"],"assets/svgs/stealth_icon_on.svg":["assets/svgs/stealth_icon_on.svg"],"assets/svgs/stealth_mode_off.svg":["assets/svgs/stealth_mode_off.svg"],"assets/svgs/stealth_mode_on.svg":["assets/svgs/stealth_mode_on.svg"],"assets/svgs/stopbutton.svg":["assets/svgs/stopbutton.svg"],"assets/svgs/strategy.svg":["assets/svgs/strategy.svg"],"assets/svgs/swipe_icon.svg":["assets/svgs/swipe_icon.svg"],"assets/svgs/toast_error.svg":["assets/svgs/toast_error.svg"],"assets/svgs/toast_info.svg":["assets/svgs/toast_info.svg"],"assets/svgs/toast_success.svg":["assets/svgs/toast_success.svg"],"assets/svgs/toast_warning.svg":["assets/svgs/toast_warning.svg"],"assets/svgs/un_bookmark.svg":["assets/svgs/un_bookmark.svg"],"assets/svgs/universal_filter_icon.svg":["assets/svgs/universal_filter_icon.svg"],"assets/svgs/up_arrow.svg":["assets/svgs/up_arrow.svg"],"packages/animated_icon/assets/activity.json":["packages/animated_icon/assets/activity.json"],"packages/animated_icon/assets/add.json":["packages/animated_icon/assets/add.json"],"packages/animated_icon/assets/alphabetical_sorting.json":["packages/animated_icon/assets/alphabetical_sorting.json"],"packages/animated_icon/assets/angel.json":["packages/animated_icon/assets/angel.json"],"packages/animated_icon/assets/battery.json":["packages/animated_icon/assets/battery.json"],"packages/animated_icon/assets/bell.json":["packages/animated_icon/assets/bell.json"],"packages/animated_icon/assets/birthday_cake.json":["packages/animated_icon/assets/birthday_cake.json"],"packages/animated_icon/assets/block_mic.json":["packages/animated_icon/assets/block_mic.json"],"packages/animated_icon/assets/bookmark.json":["packages/animated_icon/assets/bookmark.json"],"packages/animated_icon/assets/calculator.json":["packages/animated_icon/assets/calculator.json"],"packages/animated_icon/assets/calendar-tear.json":["packages/animated_icon/assets/calendar-tear.json"],"packages/animated_icon/assets/calendar.json":["packages/animated_icon/assets/calendar.json"],"packages/animated_icon/assets/chat-message.json":["packages/animated_icon/assets/chat-message.json"],"packages/animated_icon/assets/checkbox.json":["packages/animated_icon/assets/checkbox.json"],"packages/animated_icon/assets/checkmark_ok.json":["packages/animated_icon/assets/checkmark_ok.json"],"packages/animated_icon/assets/circles_menu_2.json":["packages/animated_icon/assets/circles_menu_2.json"],"packages/animated_icon/assets/circles_menu_3.json":["packages/animated_icon/assets/circles_menu_3.json"],"packages/animated_icon/assets/clear-symbol.json":["packages/animated_icon/assets/clear-symbol.json"],"packages/animated_icon/assets/clock.json":["packages/animated_icon/assets/clock.json"],"packages/animated_icon/assets/cloud.json":["packages/animated_icon/assets/cloud.json"],"packages/animated_icon/assets/compass.json":["packages/animated_icon/assets/compass.json"],"packages/animated_icon/assets/confused.json":["packages/animated_icon/assets/confused.json"],"packages/animated_icon/assets/cool.json":["packages/animated_icon/assets/cool.json"],"packages/animated_icon/assets/cross.json":["packages/animated_icon/assets/cross.json"],"packages/animated_icon/assets/crying.json":["packages/animated_icon/assets/crying.json"],"packages/animated_icon/assets/day_night_weather.json":["packages/animated_icon/assets/day_night_weather.json"],"packages/animated_icon/assets/demo.png":["packages/animated_icon/assets/demo.png"],"packages/animated_icon/assets/diamond.json":["packages/animated_icon/assets/diamond.json"],"packages/animated_icon/assets/discount.json":["packages/animated_icon/assets/discount.json"],"packages/animated_icon/assets/document.json":["packages/animated_icon/assets/document.json"],"packages/animated_icon/assets/dollar.json":["packages/animated_icon/assets/dollar.json"],"packages/animated_icon/assets/down-arrow.json":["packages/animated_icon/assets/down-arrow.json"],"packages/animated_icon/assets/download.json":["packages/animated_icon/assets/download.json"],"packages/animated_icon/assets/drag-left.json":["packages/animated_icon/assets/drag-left.json"],"packages/animated_icon/assets/drag-right.json":["packages/animated_icon/assets/drag-right.json"],"packages/animated_icon/assets/edit.json":["packages/animated_icon/assets/edit.json"],"packages/animated_icon/assets/edit_cancel.json":["packages/animated_icon/assets/edit_cancel.json"],"packages/animated_icon/assets/edit_ok.json":["packages/animated_icon/assets/edit_ok.json"],"packages/animated_icon/assets/expensive.json":["packages/animated_icon/assets/expensive.json"],"packages/animated_icon/assets/eye.json":["packages/animated_icon/assets/eye.json"],"packages/animated_icon/assets/fatal-error.json":["packages/animated_icon/assets/fatal-error.json"],"packages/animated_icon/assets/favorite_folder.json":["packages/animated_icon/assets/favorite_folder.json"],"packages/animated_icon/assets/file.json":["packages/animated_icon/assets/file.json"],"packages/animated_icon/assets/fog_weather.json":["packages/animated_icon/assets/fog_weather.json"],"packages/animated_icon/assets/fullscreen.json":["packages/animated_icon/assets/fullscreen.json"],"packages/animated_icon/assets/gmail.json":["packages/animated_icon/assets/gmail.json"],"packages/animated_icon/assets/heart.json":["packages/animated_icon/assets/heart.json"],"packages/animated_icon/assets/heart_2.json":["packages/animated_icon/assets/heart_2.json"],"packages/animated_icon/assets/home.json":["packages/animated_icon/assets/home.json"],"packages/animated_icon/assets/hourglass.json":["packages/animated_icon/assets/hourglass.json"],"packages/animated_icon/assets/in_love.json":["packages/animated_icon/assets/in_love.json"],"packages/animated_icon/assets/info-click.json":["packages/animated_icon/assets/info-click.json"],"packages/animated_icon/assets/internet.json":["packages/animated_icon/assets/internet.json"],"packages/animated_icon/assets/iphone_spinner.json":["packages/animated_icon/assets/iphone_spinner.json"],"packages/animated_icon/assets/laughing.json":["packages/animated_icon/assets/laughing.json"],"packages/animated_icon/assets/left_right.json":["packages/animated_icon/assets/left_right.json"],"packages/animated_icon/assets/list.json":["packages/animated_icon/assets/list.json"],"packages/animated_icon/assets/live-video-on.json":["packages/animated_icon/assets/live-video-on.json"],"packages/animated_icon/assets/loading_1.json":["packages/animated_icon/assets/loading_1.json"],"packages/animated_icon/assets/loading_2.json":["packages/animated_icon/assets/loading_2.json"],"packages/animated_icon/assets/loading_3.json":["packages/animated_icon/assets/loading_3.json"],"packages/animated_icon/assets/loading_4.json":["packages/animated_icon/assets/loading_4.json"],"packages/animated_icon/assets/loading_5.json":["packages/animated_icon/assets/loading_5.json"],"packages/animated_icon/assets/loading_6.json":["packages/animated_icon/assets/loading_6.json"],"packages/animated_icon/assets/loading_7.json":["packages/animated_icon/assets/loading_7.json"],"packages/animated_icon/assets/map.json":["packages/animated_icon/assets/map.json"],"packages/animated_icon/assets/map_pointer.json":["packages/animated_icon/assets/map_pointer.json"],"packages/animated_icon/assets/menu.json":["packages/animated_icon/assets/menu.json"],"packages/animated_icon/assets/menu_arrow.json":["packages/animated_icon/assets/menu_arrow.json"],"packages/animated_icon/assets/missed_call.json":["packages/animated_icon/assets/missed_call.json"],"packages/animated_icon/assets/mute.json":["packages/animated_icon/assets/mute.json"],"packages/animated_icon/assets/neatral_face.json":["packages/animated_icon/assets/neatral_face.json"],"packages/animated_icon/assets/no_comments.json":["packages/animated_icon/assets/no_comments.json"],"packages/animated_icon/assets/numerical_sorting.json":["packages/animated_icon/assets/numerical_sorting.json"],"packages/animated_icon/assets/paid.json":["packages/animated_icon/assets/paid.json"],"packages/animated_icon/assets/pause.json":["packages/animated_icon/assets/pause.json"],"packages/animated_icon/assets/play_stop.json":["packages/animated_icon/assets/play_stop.json"],"packages/animated_icon/assets/play_stop_2.json":["packages/animated_icon/assets/play_stop_2.json"],"packages/animated_icon/assets/power-off-button.json":["packages/animated_icon/assets/power-off-button.json"],"packages/animated_icon/assets/print.json":["packages/animated_icon/assets/print.json"],"packages/animated_icon/assets/puzzled.json":["packages/animated_icon/assets/puzzled.json"],"packages/animated_icon/assets/qr-code.json":["packages/animated_icon/assets/qr-code.json"],"packages/animated_icon/assets/refresh.json":["packages/animated_icon/assets/refresh.json"],"packages/animated_icon/assets/rotate.json":["packages/animated_icon/assets/rotate.json"],"packages/animated_icon/assets/save-changes.json":["packages/animated_icon/assets/save-changes.json"],"packages/animated_icon/assets/settings.json":["packages/animated_icon/assets/settings.json"],"packages/animated_icon/assets/share.json":["packages/animated_icon/assets/share.json"],"packages/animated_icon/assets/shocker.json":["packages/animated_icon/assets/shocker.json"],"packages/animated_icon/assets/sign-out.json":["packages/animated_icon/assets/sign-out.json"],"packages/animated_icon/assets/silent.json":["packages/animated_icon/assets/silent.json"],"packages/animated_icon/assets/skateboarding.json":["packages/animated_icon/assets/skateboarding.json"],"packages/animated_icon/assets/skip_backwards.json":["packages/animated_icon/assets/skip_backwards.json"],"packages/animated_icon/assets/skip_forwards.json":["packages/animated_icon/assets/skip_forwards.json"],"packages/animated_icon/assets/sleeping.json":["packages/animated_icon/assets/sleeping.json"],"packages/animated_icon/assets/smile.json":["packages/animated_icon/assets/smile.json"],"packages/animated_icon/assets/spinning_arrows.json":["packages/animated_icon/assets/spinning_arrows.json"],"packages/animated_icon/assets/submit_progress.json":["packages/animated_icon/assets/submit_progress.json"],"packages/animated_icon/assets/thumb_up.json":["packages/animated_icon/assets/thumb_up.json"],"packages/animated_icon/assets/toggle.json":["packages/animated_icon/assets/toggle.json"],"packages/animated_icon/assets/tongue_out.json":["packages/animated_icon/assets/tongue_out.json"],"packages/animated_icon/assets/trash_bin.json":["packages/animated_icon/assets/trash_bin.json"],"packages/animated_icon/assets/tune.json":["packages/animated_icon/assets/tune.json"],"packages/animated_icon/assets/unlock.json":["packages/animated_icon/assets/unlock.json"],"packages/animated_icon/assets/upload.json":["packages/animated_icon/assets/upload.json"],"packages/animated_icon/assets/volume.json":["packages/animated_icon/assets/volume.json"],"packages/animated_icon/assets/vomited.json":["packages/animated_icon/assets/vomited.json"],"packages/animated_icon/assets/walk.json":["packages/animated_icon/assets/walk.json"],"packages/animated_icon/assets/wifi_search.json":["packages/animated_icon/assets/wifi_search.json"],"packages/animated_icon/assets/wink.json":["packages/animated_icon/assets/wink.json"],"packages/animated_icon/assets/zoom.json":["packages/animated_icon/assets/zoom.json"],"packages/animated_snack_bar/assets/monochrome/check-circle.svg":["packages/animated_snack_bar/assets/monochrome/check-circle.svg"],"packages/animated_snack_bar/assets/monochrome/comment-dots.svg":["packages/animated_snack_bar/assets/monochrome/comment-dots.svg"],"packages/animated_snack_bar/assets/monochrome/exclamation-circle.svg":["packages/animated_snack_bar/assets/monochrome/exclamation-circle.svg"],"packages/animated_snack_bar/assets/monochrome/exclamation-octagon.svg":["packages/animated_snack_bar/assets/monochrome/exclamation-octagon.svg"],"packages/animated_snack_bar/assets/monochrome/exclamation-triangle.svg":["packages/animated_snack_bar/assets/monochrome/exclamation-triangle.svg"],"packages/animated_snack_bar/assets/regular/check-circle.svg":["packages/animated_snack_bar/assets/regular/check-circle.svg"],"packages/animated_snack_bar/assets/regular/exclamation-circle.svg":["packages/animated_snack_bar/assets/regular/exclamation-circle.svg"],"packages/animated_snack_bar/assets/regular/exclamation-triangle.svg":["packages/animated_snack_bar/assets/regular/exclamation-triangle.svg"],"packages/animated_snack_bar/assets/regular/info-circle.svg":["packages/animated_snack_bar/assets/regular/info-circle.svg"],"packages/cupertino_icons/assets/CupertinoIcons.ttf":["packages/cupertino_icons/assets/CupertinoIcons.ttf"],"packages/fluttertoast/assets/toastify.css":["packages/fluttertoast/assets/toastify.css"],"packages/fluttertoast/assets/toastify.js":["packages/fluttertoast/assets/toastify.js"],"packages/syncfusion_flutter_datagrid/assets/font/FilterIcon.ttf":["packages/syncfusion_flutter_datagrid/assets/font/FilterIcon.ttf"],"packages/syncfusion_flutter_datagrid/assets/font/UnsortIcon.ttf":["packages/syncfusion_flutter_datagrid/assets/font/UnsortIcon.ttf"]}